Vendor,"GRAPHTEC Corporation"
Model,"GL220"
Version,"Ver1.05  "
Sampling interval,2s
Total data points,639       
Start time,2015-05-29,13:50:12
End time,2015-05-29,14:11:28
Trigger time,2015-05-29,13:50:12
AMP settings
CH,Signal name,Input,Range,Filter,Span
CH1," CH 1",TEMP,TC_K,Off,+440.0,+140.0,[degF]
Logic/Pulse,Off
Data
Number,Date&Time,ms,CH1,Alarm1  -10 ,Alarm Out
NO.,Time, ms,"degF","A12345678910","AO1234"
         1,2015/05/29 13:50:12,  0,+195.1,LLLLLLLLLL,LLLL
         2,2015/05/29 13:50:14,  0,+195.1,LLLLLLLLLL,LLLL
         3,2015/05/29 13:50:16,  0,+195.3,LLLLLLLLLL,LLLL
         4,2015/05/29 13:50:18,  0,+195.4,LLLLLLLLLL,LLLL
         5,2015/05/29 13:50:20,  0,+195.6,LLLLLLLLLL,LLLL
         6,2015/05/29 13:50:22,  0,+195.8,LLLLLLLLLL,LLLL
         7,2015/05/29 13:50:24,  0,+195.8,LLLLLLLLLL,LLLL
         8,2015/05/29 13:50:26,  0,+195.8,LLLLLLLLLL,LLLL
         9,2015/05/29 13:50:28,  0,+195.8,LLLLLLLLLL,LLLL
        10,2015/05/29 13:50:30,  0,+196.2,LLLLLLLLLL,LLLL
        11,2015/05/29 13:50:32,  0,+195.8,LLLLLLLLLL,LLLL
        12,2015/05/29 13:50:34,  0,+195.8,LLLLLLLLLL,LLLL
        13,2015/05/29 13:50:36,  0,+196.0,LLLLLLLLLL,LLLL
        14,2015/05/29 13:50:38,  0,+196.0,LLLLLLLLLL,LLLL
        15,2015/05/29 13:50:40,  0,+196.2,LLLLLLLLLL,LLLL
        16,2015/05/29 13:50:42,  0,+196.0,LLLLLLLLLL,LLLL
        17,2015/05/29 13:50:44,  0,+196.0,LLLLLLLLLL,LLLL
        18,2015/05/29 13:50:46,  0,+196.2,LLLLLLLLLL,LLLL
        19,2015/05/29 13:50:48,  0,+196.2,LLLLLLLLLL,LLLL
        20,2015/05/29 13:50:50,  0,+196.2,LLLLLLLLLL,LLLL
        21,2015/05/29 13:50:52,  0,+196.2,LLLLLLLLLL,LLLL
        22,2015/05/29 13:50:54,  0,+196.2,LLLLLLLLLL,LLLL
        23,2015/05/29 13:50:56,  0,+196.2,LLLLLLLLLL,LLLL
        24,2015/05/29 13:50:58,  0,+196.3,LLLLLLLLLL,LLLL
        25,2015/05/29 13:51:00,  0,+196.2,LLLLLLLLLL,LLLL
        26,2015/05/29 13:51:02,  0,+196.2,LLLLLLLLLL,LLLL
        27,2015/05/29 13:51:04,  0,+196.2,LLLLLLLLLL,LLLL
        28,2015/05/29 13:51:06,  0,+196.2,LLLLLLLLLL,LLLL
        29,2015/05/29 13:51:08,  0,+196.2,LLLLLLLLLL,LLLL
        30,2015/05/29 13:51:10,  0,+196.2,LLLLLLLLLL,LLLL
        31,2015/05/29 13:51:12,  0,+196.2,LLLLLLLLLL,LLLL
        32,2015/05/29 13:51:14,  0,+196.2,LLLLLLLLLL,LLLL
        33,2015/05/29 13:51:16,  0,+196.3,LLLLLLLLLL,LLLL
        34,2015/05/29 13:51:18,  0,+196.3,LLLLLLLLLL,LLLL
        35,2015/05/29 13:51:20,  0,+196.3,LLLLLLLLLL,LLLL
        36,2015/05/29 13:51:22,  0,+196.3,LLLLLLLLLL,LLLL
        37,2015/05/29 13:51:24,  0,+196.5,LLLLLLLLLL,LLLL
        38,2015/05/29 13:51:26,  0,+196.7,LLLLLLLLLL,LLLL
        39,2015/05/29 13:51:28,  0,+196.9,LLLLLLLLLL,LLLL
        40,2015/05/29 13:51:30,  0,+196.7,LLLLLLLLLL,LLLL
        41,2015/05/29 13:51:32,  0,+197.1,LLLLLLLLLL,LLLL
        42,2015/05/29 13:51:34,  0,+197.2,LLLLLLLLLL,LLLL
        43,2015/05/29 13:51:36,  0,+197.2,LLLLLLLLLL,LLLL
        44,2015/05/29 13:51:38,  0,+197.6,LLLLLLLLLL,LLLL
        45,2015/05/29 13:51:40,  0,+197.6,LLLLLLLLLL,LLLL
        46,2015/05/29 13:51:42,  0,+197.4,LLLLLLLLLL,LLLL
        47,2015/05/29 13:51:44,  0,+198.0,LLLLLLLLLL,LLLL
        48,2015/05/29 13:51:46,  0,+198.1,LLLLLLLLLL,LLLL
        49,2015/05/29 13:51:48,  0,+198.3,LLLLLLLLLL,LLLL
        50,2015/05/29 13:51:50,  0,+198.5,LLLLLLLLLL,LLLL
        51,2015/05/29 13:51:52,  0,+198.9,LLLLLLLLLL,LLLL
        52,2015/05/29 13:51:54,  0,+199.0,LLLLLLLLLL,LLLL
        53,2015/05/29 13:51:56,  0,+199.2,LLLLLLLLLL,LLLL
        54,2015/05/29 13:51:58,  0,+199.2,LLLLLLLLLL,LLLL
        55,2015/05/29 13:52:00,  0,+199.4,LLLLLLLLLL,LLLL
        56,2015/05/29 13:52:02,  0,+199.8,LLLLLLLLLL,LLLL
        57,2015/05/29 13:52:04,  0,+199.9,LLLLLLLLLL,LLLL
        58,2015/05/29 13:52:06,  0,+200.3,LLLLLLLLLL,LLLL
        59,2015/05/29 13:52:08,  0,+200.7,LLLLLLLLLL,LLLL
        60,2015/05/29 13:52:10,  0,+201.0,LLLLLLLLLL,LLLL
        61,2015/05/29 13:52:12,  0,+201.2,LLLLLLLLLL,LLLL
        62,2015/05/29 13:52:14,  0,+201.4,LLLLLLLLLL,LLLL
        63,2015/05/29 13:52:16,  0,+201.7,LLLLLLLLLL,LLLL
        64,2015/05/29 13:52:18,  0,+202.1,LLLLLLLLLL,LLLL
        65,2015/05/29 13:52:20,  0,+202.3,LLLLLLLLLL,LLLL
        66,2015/05/29 13:52:22,  0,+202.6,LLLLLLLLLL,LLLL
        67,2015/05/29 13:52:24,  0,+203.0,LLLLLLLLLL,LLLL
        68,2015/05/29 13:52:26,  0,+203.4,LLLLLLLLLL,LLLL
        69,2015/05/29 13:52:28,  0,+203.5,LLLLLLLLLL,LLLL
        70,2015/05/29 13:52:30,  0,+203.9,LLLLLLLLLL,LLLL
        71,2015/05/29 13:52:32,  0,+204.1,LLLLLLLLLL,LLLL
        72,2015/05/29 13:52:34,  0,+204.4,LLLLLLLLLL,LLLL
        73,2015/05/29 13:52:36,  0,+205.0,LLLLLLLLLL,LLLL
        74,2015/05/29 13:52:38,  0,+205.5,LLLLLLLLLL,LLLL
        75,2015/05/29 13:52:40,  0,+205.7,LLLLLLLLLL,LLLL
        76,2015/05/29 13:52:42,  0,+206.1,LLLLLLLLLL,LLLL
        77,2015/05/29 13:52:44,  0,+206.4,LLLLLLLLLL,LLLL
        78,2015/05/29 13:52:46,  0,+206.8,LLLLLLLLLL,LLLL
        79,2015/05/29 13:52:48,  0,+207.3,LLLLLLLLLL,LLLL
        80,2015/05/29 13:52:50,  0,+207.7,LLLLLLLLLL,LLLL
        81,2015/05/29 13:52:52,  0,+208.2,LLLLLLLLLL,LLLL
        82,2015/05/29 13:52:54,  0,+208.6,LLLLLLLLLL,LLLL
        83,2015/05/29 13:52:56,  0,+209.1,LLLLLLLLLL,LLLL
        84,2015/05/29 13:52:58,  0,+209.5,LLLLLLLLLL,LLLL
        85,2015/05/29 13:53:00,  0,+209.8,LLLLLLLLLL,LLLL
        86,2015/05/29 13:53:02,  0,+210.6,LLLLLLLLLL,LLLL
        87,2015/05/29 13:53:04,  0,+210.7,LLLLLLLLLL,LLLL
        88,2015/05/29 13:53:06,  0,+211.3,LLLLLLLLLL,LLLL
        89,2015/05/29 13:53:08,  0,+211.6,LLLLLLLLLL,LLLL
        90,2015/05/29 13:53:10,  0,+212.0,LLLLLLLLLL,LLLL
        91,2015/05/29 13:53:12,  0,+212.5,LLLLLLLLLL,LLLL
        92,2015/05/29 13:53:14,  0,+213.1,LLLLLLLLLL,LLLL
        93,2015/05/29 13:53:16,  0,+213.6,LLLLLLLLLL,LLLL
        94,2015/05/29 13:53:18,  0,+214.2,LLLLLLLLLL,LLLL
        95,2015/05/29 13:53:20,  0,+214.7,LLLLLLLLLL,LLLL
        96,2015/05/29 13:53:22,  0,+215.2,LLLLLLLLLL,LLLL
        97,2015/05/29 13:53:24,  0,+215.8,LLLLLLLLLL,LLLL
        98,2015/05/29 13:53:26,  0,+216.1,LLLLLLLLLL,LLLL
        99,2015/05/29 13:53:28,  0,+216.7,LLLLLLLLLL,LLLL
       100,2015/05/29 13:53:30,  0,+217.2,LLLLLLLLLL,LLLL
       101,2015/05/29 13:53:32,  0,+217.6,LLLLLLLLLL,LLLL
       102,2015/05/29 13:53:34,  0,+218.5,LLLLLLLLLL,LLLL
       103,2015/05/29 13:53:36,  0,+219.0,LLLLLLLLLL,LLLL
       104,2015/05/29 13:53:38,  0,+219.4,LLLLLLLLLL,LLLL
       105,2015/05/29 13:53:40,  0,+219.9,LLLLLLLLLL,LLLL
       106,2015/05/29 13:53:42,  0,+220.5,LLLLLLLLLL,LLLL
       107,2015/05/29 13:53:44,  0,+221.0,LLLLLLLLLL,LLLL
       108,2015/05/29 13:53:46,  0,+221.5,LLLLLLLLLL,LLLL
       109,2015/05/29 13:53:48,  0,+222.1,LLLLLLLLLL,LLLL
       110,2015/05/29 13:53:50,  0,+223.0,LLLLLLLLLL,LLLL
       111,2015/05/29 13:53:52,  0,+223.3,LLLLLLLLLL,LLLL
       112,2015/05/29 13:53:54,  0,+223.9,LLLLLLLLLL,LLLL
       113,2015/05/29 13:53:56,  0,+224.2,LLLLLLLLLL,LLLL
       114,2015/05/29 13:53:58,  0,+225.0,LLLLLLLLLL,LLLL
       115,2015/05/29 13:54:00,  0,+225.5,LLLLLLLLLL,LLLL
       116,2015/05/29 13:54:02,  0,+226.2,LLLLLLLLLL,LLLL
       117,2015/05/29 13:54:04,  0,+226.8,LLLLLLLLLL,LLLL
       118,2015/05/29 13:54:06,  0,+227.5,LLLLLLLLLL,LLLL
       119,2015/05/29 13:54:08,  0,+228.0,LLLLLLLLLL,LLLL
       120,2015/05/29 13:54:10,  0,+228.6,LLLLLLLLLL,LLLL
       121,2015/05/29 13:54:12,  0,+229.1,LLLLLLLLLL,LLLL
       122,2015/05/29 13:54:14,  0,+229.8,LLLLLLLLLL,LLLL
       123,2015/05/29 13:54:16,  0,+230.2,LLLLLLLLLL,LLLL
       124,2015/05/29 13:54:18,  0,+231.1,LLLLLLLLLL,LLLL
       125,2015/05/29 13:54:20,  0,+231.4,LLLLLLLLLL,LLLL
       126,2015/05/29 13:54:22,  0,+232.2,LLLLLLLLLL,LLLL
       127,2015/05/29 13:54:24,  0,+232.9,LLLLLLLLLL,LLLL
       128,2015/05/29 13:54:26,  0,+233.6,LLLLLLLLLL,LLLL
       129,2015/05/29 13:54:28,  0,+234.1,LLLLLLLLLL,LLLL
       130,2015/05/29 13:54:30,  0,+234.7,LLLLLLLLLL,LLLL
       131,2015/05/29 13:54:32,  0,+235.2,LLLLLLLLLL,LLLL
       132,2015/05/29 13:54:34,  0,+235.8,LLLLLLLLLL,LLLL
       133,2015/05/29 13:54:36,  0,+236.5,LLLLLLLLLL,LLLL
       134,2015/05/29 13:54:38,  0,+236.8,LLLLLLLLLL,LLLL
       135,2015/05/29 13:54:40,  0,+237.6,LLLLLLLLLL,LLLL
       136,2015/05/29 13:54:42,  0,+238.1,LLLLLLLLLL,LLLL
       137,2015/05/29 13:54:44,  0,+238.8,LLLLLLLLLL,LLLL
       138,2015/05/29 13:54:46,  0,+239.4,LLLLLLLLLL,LLLL
       139,2015/05/29 13:54:48,  0,+240.1,LLLLLLLLLL,LLLL
       140,2015/05/29 13:54:50,  0,+240.4,LLLLLLLLLL,LLLL
       141,2015/05/29 13:54:52,  0,+241.2,LLLLLLLLLL,LLLL
       142,2015/05/29 13:54:54,  0,+241.9,LLLLLLLLLL,LLLL
       143,2015/05/29 13:54:56,  0,+242.8,LLLLLLLLLL,LLLL
       144,2015/05/29 13:54:58,  0,+243.5,LLLLLLLLLL,LLLL
       145,2015/05/29 13:55:00,  0,+243.9,LLLLLLLLLL,LLLL
       146,2015/05/29 13:55:02,  0,+244.8,LLLLLLLLLL,LLLL
       147,2015/05/29 13:55:04,  0,+245.3,LLLLLLLLLL,LLLL
       148,2015/05/29 13:55:06,  0,+246.0,LLLLLLLLLL,LLLL
       149,2015/05/29 13:55:08,  0,+246.9,LLLLLLLLLL,LLLL
       150,2015/05/29 13:55:10,  0,+247.5,LLLLLLLLLL,LLLL
       151,2015/05/29 13:55:12,  0,+248.2,LLLLLLLLLL,LLLL
       152,2015/05/29 13:55:14,  0,+248.7,LLLLLLLLLL,LLLL
       153,2015/05/29 13:55:16,  0,+249.1,LLLLLLLLLL,LLLL
       154,2015/05/29 13:55:18,  0,+250.0,LLLLLLLLLL,LLLL
       155,2015/05/29 13:55:20,  0,+250.7,LLLLLLLLLL,LLLL
       156,2015/05/29 13:55:22,  0,+251.1,LLLLLLLLLL,LLLL
       157,2015/05/29 13:55:24,  0,+251.6,LLLLLLLLLL,LLLL
       158,2015/05/29 13:55:26,  0,+252.3,LLLLLLLLLL,LLLL
       159,2015/05/29 13:55:28,  0,+253.4,LLLLLLLLLL,LLLL
       160,2015/05/29 13:55:30,  0,+253.9,LLLLLLLLLL,LLLL
       161,2015/05/29 13:55:32,  0,+254.7,LLLLLLLLLL,LLLL
       162,2015/05/29 13:55:34,  0,+255.4,LLLLLLLLLL,LLLL
       163,2015/05/29 13:55:36,  0,+255.9,LLLLLLLLLL,LLLL
       164,2015/05/29 13:55:38,  0,+256.1,LLLLLLLLLL,LLLL
       165,2015/05/29 13:55:40,  0,+256.6,LLLLLLLLLL,LLLL
       166,2015/05/29 13:55:42,  0,+257.4,LLLLLLLLLL,LLLL
       167,2015/05/29 13:55:44,  0,+257.7,LLLLLLLLLL,LLLL
       168,2015/05/29 13:55:46,  0,+258.1,LLLLLLLLLL,LLLL
       169,2015/05/29 13:55:48,  0,+259.2,LLLLLLLLLL,LLLL
       170,2015/05/29 13:55:50,  0,+259.7,LLLLLLLLLL,LLLL
       171,2015/05/29 13:55:52,  0,+260.4,LLLLLLLLLL,LLLL
       172,2015/05/29 13:55:54,  0,+261.1,LLLLLLLLLL,LLLL
       173,2015/05/29 13:55:56,  0,+261.5,LLLLLLLLLL,LLLL
       174,2015/05/29 13:55:58,  0,+262.0,LLLLLLLLLL,LLLL
       175,2015/05/29 13:56:00,  0,+262.8,LLLLLLLLLL,LLLL
       176,2015/05/29 13:56:02,  0,+263.3,LLLLLLLLLL,LLLL
       177,2015/05/29 13:56:04,  0,+264.0,LLLLLLLLLL,LLLL
       178,2015/05/29 13:56:06,  0,+264.6,LLLLLLLLLL,LLLL
       179,2015/05/29 13:56:08,  0,+265.3,LLLLLLLLLL,LLLL
       180,2015/05/29 13:56:10,  0,+265.8,LLLLLLLLLL,LLLL
       181,2015/05/29 13:56:12,  0,+266.5,LLLLLLLLLL,LLLL
       182,2015/05/29 13:56:14,  0,+267.6,LLLLLLLLLL,LLLL
       183,2015/05/29 13:56:16,  0,+268.2,LLLLLLLLLL,LLLL
       184,2015/05/29 13:56:18,  0,+268.5,LLLLLLLLLL,LLLL
       185,2015/05/29 13:56:20,  0,+269.1,LLLLLLLLLL,LLLL
       186,2015/05/29 13:56:22,  0,+269.8,LLLLLLLLLL,LLLL
       187,2015/05/29 13:56:24,  0,+270.3,LLLLLLLLLL,LLLL
       188,2015/05/29 13:56:26,  0,+270.7,LLLLLLLLLL,LLLL
       189,2015/05/29 13:56:28,  0,+271.0,LLLLLLLLLL,LLLL
       190,2015/05/29 13:56:30,  0,+271.9,LLLLLLLLLL,LLLL
       191,2015/05/29 13:56:32,  0,+272.8,LLLLLLLLLL,LLLL
       192,2015/05/29 13:56:34,  0,+273.6,LLLLLLLLLL,LLLL
       193,2015/05/29 13:56:36,  0,+273.9,LLLLLLLLLL,LLLL
       194,2015/05/29 13:56:38,  0,+274.6,LLLLLLLLLL,LLLL
       195,2015/05/29 13:56:40,  0,+275.4,LLLLLLLLLL,LLLL
       196,2015/05/29 13:56:42,  0,+276.1,LLLLLLLLLL,LLLL
       197,2015/05/29 13:56:44,  0,+276.6,LLLLLLLLLL,LLLL
       198,2015/05/29 13:56:46,  0,+277.3,LLLLLLLLLL,LLLL
       199,2015/05/29 13:56:48,  0,+277.9,LLLLLLLLLL,LLLL
       200,2015/05/29 13:56:50,  0,+278.6,LLLLLLLLLL,LLLL
       201,2015/05/29 13:56:52,  0,+279.3,LLLLLLLLLL,LLLL
       202,2015/05/29 13:56:54,  0,+279.9,LLLLLLLLLL,LLLL
       203,2015/05/29 13:56:56,  0,+280.4,LLLLLLLLLL,LLLL
       204,2015/05/29 13:56:58,  0,+281.3,LLLLLLLLLL,LLLL
       205,2015/05/29 13:57:00,  0,+281.8,LLLLLLLLLL,LLLL
       206,2015/05/29 13:57:02,  0,+282.2,LLLLLLLLLL,LLLL
       207,2015/05/29 13:57:04,  0,+283.1,LLLLLLLLLL,LLLL
       208,2015/05/29 13:57:06,  0,+283.6,LLLLLLLLLL,LLLL
       209,2015/05/29 13:57:08,  0,+284.2,LLLLLLLLLL,LLLL
       210,2015/05/29 13:57:10,  0,+284.9,LLLLLLLLLL,LLLL
       211,2015/05/29 13:57:12,  0,+285.8,LLLLLLLLLL,LLLL
       212,2015/05/29 13:57:14,  0,+286.3,LLLLLLLLLL,LLLL
       213,2015/05/29 13:57:16,  0,+286.9,LLLLLLLLLL,LLLL
       214,2015/05/29 13:57:18,  0,+287.4,LLLLLLLLLL,LLLL
       215,2015/05/29 13:57:20,  0,+287.8,LLLLLLLLLL,LLLL
       216,2015/05/29 13:57:22,  0,+288.9,LLLLLLLLLL,LLLL
       217,2015/05/29 13:57:24,  0,+289.4,LLLLLLLLLL,LLLL
       218,2015/05/29 13:57:26,  0,+290.1,LLLLLLLLLL,LLLL
       219,2015/05/29 13:57:28,  0,+290.5,LLLLLLLLLL,LLLL
       220,2015/05/29 13:57:30,  0,+291.0,LLLLLLLLLL,LLLL
       221,2015/05/29 13:57:32,  0,+292.3,LLLLLLLLLL,LLLL
       222,2015/05/29 13:57:34,  0,+292.8,LLLLLLLLLL,LLLL
       223,2015/05/29 13:57:36,  0,+293.5,LLLLLLLLLL,LLLL
       224,2015/05/29 13:57:38,  0,+294.4,LLLLLLLLLL,LLLL
       225,2015/05/29 13:57:40,  0,+295.2,LLLLLLLLLL,LLLL
       226,2015/05/29 13:57:42,  0,+295.7,LLLLLLLLLL,LLLL
       227,2015/05/29 13:57:44,  0,+296.1,LLLLLLLLLL,LLLL
       228,2015/05/29 13:57:46,  0,+296.8,LLLLLLLLLL,LLLL
       229,2015/05/29 13:57:48,  0,+297.1,LLLLLLLLLL,LLLL
       230,2015/05/29 13:57:50,  0,+297.7,LLLLLLLLLL,LLLL
       231,2015/05/29 13:57:52,  0,+298.2,LLLLLLLLLL,LLLL
       232,2015/05/29 13:57:54,  0,+299.1,LLLLLLLLLL,LLLL
       233,2015/05/29 13:57:56,  0,+299.7,LLLLLLLLLL,LLLL
       234,2015/05/29 13:57:58,  0,+300.4,LLLLLLLLLL,LLLL
       235,2015/05/29 13:58:00,  0,+300.9,LLLLLLLLLL,LLLL
       236,2015/05/29 13:58:02,  0,+301.5,LLLLLLLLLL,LLLL
       237,2015/05/29 13:58:04,  0,+302.0,LLLLLLLLLL,LLLL
       238,2015/05/29 13:58:06,  0,+302.4,LLLLLLLLLL,LLLL
       239,2015/05/29 13:58:08,  0,+302.7,LLLLLLLLLL,LLLL
       240,2015/05/29 13:58:10,  0,+303.3,LLLLLLLLLL,LLLL
       241,2015/05/29 13:58:12,  0,+304.2,LLLLLLLLLL,LLLL
       242,2015/05/29 13:58:14,  0,+304.9,LLLLLLLLLL,LLLL
       243,2015/05/29 13:58:16,  0,+305.6,LLLLLLLLLL,LLLL
       244,2015/05/29 13:58:18,  0,+305.8,LLLLLLLLLL,LLLL
       245,2015/05/29 13:58:20,  0,+306.9,LLLLLLLLLL,LLLL
       246,2015/05/29 13:58:22,  0,+307.4,LLLLLLLLLL,LLLL
       247,2015/05/29 13:58:24,  0,+307.8,LLLLLLLLLL,LLLL
       248,2015/05/29 13:58:26,  0,+308.5,LLLLLLLLLL,LLLL
       249,2015/05/29 13:58:28,  0,+309.2,LLLLLLLLLL,LLLL
       250,2015/05/29 13:58:30,  0,+309.9,LLLLLLLLLL,LLLL
       251,2015/05/29 13:58:32,  0,+310.6,LLLLLLLLLL,LLLL
       252,2015/05/29 13:58:34,  0,+311.2,LLLLLLLLLL,LLLL
       253,2015/05/29 13:58:36,  0,+311.5,LLLLLLLLLL,LLLL
       254,2015/05/29 13:58:38,  0,+312.3,LLLLLLLLLL,LLLL
       255,2015/05/29 13:58:40,  0,+312.6,LLLLLLLLLL,LLLL
       256,2015/05/29 13:58:42,  0,+313.3,LLLLLLLLLL,LLLL
       257,2015/05/29 13:58:44,  0,+313.9,LLLLLLLLLL,LLLL
       258,2015/05/29 13:58:46,  0,+314.6,LLLLLLLLLL,LLLL
       259,2015/05/29 13:58:48,  0,+315.3,LLLLLLLLLL,LLLL
       260,2015/05/29 13:58:50,  0,+316.0,LLLLLLLLLL,LLLL
       261,2015/05/29 13:58:52,  0,+316.4,LLLLLLLLLL,LLLL
       262,2015/05/29 13:58:54,  0,+317.5,LLLLLLLLLL,LLLL
       263,2015/05/29 13:58:56,  0,+317.8,LLLLLLLLLL,LLLL
       264,2015/05/29 13:58:58,  0,+318.4,LLLLLLLLLL,LLLL
       265,2015/05/29 13:59:00,  0,+319.3,LLLLLLLLLL,LLLL
       266,2015/05/29 13:59:02,  0,+319.8,LLLLLLLLLL,LLLL
       267,2015/05/29 13:59:04,  0,+320.2,LLLLLLLLLL,LLLL
       268,2015/05/29 13:59:06,  0,+321.1,LLLLLLLLLL,LLLL
       269,2015/05/29 13:59:08,  0,+321.6,LLLLLLLLLL,LLLL
       270,2015/05/29 13:59:10,  0,+322.0,LLLLLLLLLL,LLLL
       271,2015/05/29 13:59:12,  0,+322.7,LLLLLLLLLL,LLLL
       272,2015/05/29 13:59:14,  0,+323.4,LLLLLLLLLL,LLLL
       273,2015/05/29 13:59:16,  0,+323.6,LLLLLLLLLL,LLLL
       274,2015/05/29 13:59:18,  0,+324.0,LLLLLLLLLL,LLLL
       275,2015/05/29 13:59:20,  0,+324.5,LLLLLLLLLL,LLLL
       276,2015/05/29 13:59:22,  0,+325.0,LLLLLLLLLL,LLLL
       277,2015/05/29 13:59:24,  0,+325.8,LLLLLLLLLL,LLLL
       278,2015/05/29 13:59:26,  0,+326.3,LLLLLLLLLL,LLLL
       279,2015/05/29 13:59:28,  0,+326.8,LLLLLLLLLL,LLLL
       280,2015/05/29 13:59:30,  0,+327.7,LLLLLLLLLL,LLLL
       281,2015/05/29 13:59:32,  0,+328.5,LLLLLLLLLL,LLLL
       282,2015/05/29 13:59:34,  0,+328.6,LLLLLLLLLL,LLLL
       283,2015/05/29 13:59:36,  0,+329.2,LLLLLLLLLL,LLLL
       284,2015/05/29 13:59:38,  0,+329.7,LLLLLLLLLL,LLLL
       285,2015/05/29 13:59:40,  0,+330.3,LLLLLLLLLL,LLLL
       286,2015/05/29 13:59:42,  0,+330.8,LLLLLLLLLL,LLLL
       287,2015/05/29 13:59:44,  0,+331.9,LLLLLLLLLL,LLLL
       288,2015/05/29 13:59:46,  0,+332.4,LLLLLLLLLL,LLLL
       289,2015/05/29 13:59:48,  0,+333.0,LLLLLLLLLL,LLLL
       290,2015/05/29 13:59:50,  0,+333.5,LLLLLLLLLL,LLLL
       291,2015/05/29 13:59:52,  0,+334.0,LLLLLLLLLL,LLLL
       292,2015/05/29 13:59:54,  0,+334.6,LLLLLLLLLL,LLLL
       293,2015/05/29 13:59:56,  0,+335.1,LLLLLLLLLL,LLLL
       294,2015/05/29 13:59:58,  0,+335.7,LLLLLLLLLL,LLLL
       295,2015/05/29 14:00:00,  0,+336.4,LLLLLLLLLL,LLLL
       296,2015/05/29 14:00:02,  0,+336.9,LLLLLLLLLL,LLLL
       297,2015/05/29 14:00:04,  0,+337.6,LLLLLLLLLL,LLLL
       298,2015/05/29 14:00:06,  0,+338.4,LLLLLLLLLL,LLLL
       299,2015/05/29 14:00:08,  0,+338.9,LLLLLLLLLL,LLLL
       300,2015/05/29 14:00:10,  0,+339.1,LLLLLLLLLL,LLLL
       301,2015/05/29 14:00:12,  0,+340.0,LLLLLLLLLL,LLLL
       302,2015/05/29 14:00:14,  0,+340.5,LLLLLLLLLL,LLLL
       303,2015/05/29 14:00:16,  0,+341.4,LLLLLLLLLL,LLLL
       304,2015/05/29 14:00:18,  0,+342.0,LLLLLLLLLL,LLLL
       305,2015/05/29 14:00:20,  0,+342.3,LLLLLLLLLL,LLLL
       306,2015/05/29 14:00:22,  0,+342.9,LLLLLLLLLL,LLLL
       307,2015/05/29 14:00:24,  0,+343.4,LLLLLLLLLL,LLLL
       308,2015/05/29 14:00:26,  0,+343.8,LLLLLLLLLL,LLLL
       309,2015/05/29 14:00:28,  0,+344.3,LLLLLLLLLL,LLLL
       310,2015/05/29 14:00:30,  0,+344.7,LLLLLLLLLL,LLLL
       311,2015/05/29 14:00:32,  0,+345.4,LLLLLLLLLL,LLLL
       312,2015/05/29 14:00:34,  0,+346.1,LLLLLLLLLL,LLLL
       313,2015/05/29 14:00:36,  0,+346.6,LLLLLLLLLL,LLLL
       314,2015/05/29 14:00:38,  0,+347.4,LLLLLLLLLL,LLLL
       315,2015/05/29 14:00:40,  0,+348.6,LLLLLLLLLL,LLLL
       316,2015/05/29 14:00:42,  0,+349.2,LLLLLLLLLL,LLLL
       317,2015/05/29 14:00:44,  0,+349.7,LLLLLLLLLL,LLLL
       318,2015/05/29 14:00:46,  0,+349.9,LLLLLLLLLL,LLLL
       319,2015/05/29 14:00:48,  0,+350.6,LLLLLLLLLL,LLLL
       320,2015/05/29 14:00:50,  0,+351.0,LLLLLLLLLL,LLLL
       321,2015/05/29 14:00:52,  0,+351.5,LLLLLLLLLL,LLLL
       322,2015/05/29 14:00:54,  0,+352.0,LLLLLLLLLL,LLLL
       323,2015/05/29 14:00:56,  0,+352.8,LLLLLLLLLL,LLLL
       324,2015/05/29 14:00:58,  0,+353.8,LLLLLLLLLL,LLLL
       325,2015/05/29 14:01:00,  0,+354.0,LLLLLLLLLL,LLLL
       326,2015/05/29 14:01:02,  0,+354.4,LLLLLLLLLL,LLLL
       327,2015/05/29 14:01:04,  0,+354.7,LLLLLLLLLL,LLLL
       328,2015/05/29 14:01:06,  0,+355.3,LLLLLLLLLL,LLLL
       329,2015/05/29 14:01:08,  0,+355.8,LLLLLLLLLL,LLLL
       330,2015/05/29 14:01:10,  0,+356.4,LLLLLLLLLL,LLLL
       331,2015/05/29 14:01:12,  0,+356.9,LLLLLLLLLL,LLLL
       332,2015/05/29 14:01:14,  0,+357.4,LLLLLLLLLL,LLLL
       333,2015/05/29 14:01:16,  0,+358.3,LLLLLLLLLL,LLLL
       334,2015/05/29 14:01:18,  0,+358.7,LLLLLLLLLL,LLLL
       335,2015/05/29 14:01:20,  0,+359.4,LLLLLLLLLL,LLLL
       336,2015/05/29 14:01:22,  0,+360.0,LLLLLLLLLL,LLLL
       337,2015/05/29 14:01:24,  0,+360.7,LLLLLLLLLL,LLLL
       338,2015/05/29 14:01:26,  0,+361.0,LLLLLLLLLL,LLLL
       339,2015/05/29 14:01:28,  0,+361.4,LLLLLLLLLL,LLLL
       340,2015/05/29 14:01:30,  0,+361.9,LLLLLLLLLL,LLLL
       341,2015/05/29 14:01:32,  0,+362.5,LLLLLLLLLL,LLLL
       342,2015/05/29 14:01:34,  0,+363.4,LLLLLLLLLL,LLLL
       343,2015/05/29 14:01:36,  0,+363.7,LLLLLLLLLL,LLLL
       344,2015/05/29 14:01:38,  0,+364.3,LLLLLLLLLL,LLLL
       345,2015/05/29 14:01:40,  0,+364.8,LLLLLLLLLL,LLLL
       346,2015/05/29 14:01:42,  0,+365.0,LLLLLLLLLL,LLLL
       347,2015/05/29 14:01:44,  0,+366.3,LLLLLLLLLL,LLLL
       348,2015/05/29 14:01:46,  0,+366.8,LLLLLLLLLL,LLLL
       349,2015/05/29 14:01:48,  0,+367.5,LLLLLLLLLL,LLLL
       350,2015/05/29 14:01:50,  0,+368.1,LLLLLLLLLL,LLLL
       351,2015/05/29 14:01:52,  0,+368.6,LLLLLLLLLL,LLLL
       352,2015/05/29 14:01:54,  0,+368.8,LLLLLLLLLL,LLLL
       353,2015/05/29 14:01:56,  0,+369.1,LLLLLLLLLL,LLLL
       354,2015/05/29 14:01:58,  0,+369.9,LLLLLLLLLL,LLLL
       355,2015/05/29 14:02:00,  0,+370.0,LLLLLLLLLL,LLLL
       356,2015/05/29 14:02:02,  0,+370.9,LLLLLLLLLL,LLLL
       357,2015/05/29 14:02:04,  0,+371.3,LLLLLLLLLL,LLLL
       358,2015/05/29 14:02:06,  0,+372.0,LLLLLLLLLL,LLLL
       359,2015/05/29 14:02:08,  0,+372.7,LLLLLLLLLL,LLLL
       360,2015/05/29 14:02:10,  0,+373.3,LLLLLLLLLL,LLLL
       361,2015/05/29 14:02:12,  0,+374.0,LLLLLLLLLL,LLLL
       362,2015/05/29 14:02:14,  0,+374.5,LLLLLLLLLL,LLLL
       363,2015/05/29 14:02:16,  0,+375.1,LLLLLLLLLL,LLLL
       364,2015/05/29 14:02:18,  0,+375.6,LLLLLLLLLL,LLLL
       365,2015/05/29 14:02:20,  0,+375.8,LLLLLLLLLL,LLLL
       366,2015/05/29 14:02:22,  0,+376.3,LLLLLLLLLL,LLLL
       367,2015/05/29 14:02:24,  0,+376.7,LLLLLLLLLL,LLLL
       368,2015/05/29 14:02:26,  0,+377.2,LLLLLLLLLL,LLLL
       369,2015/05/29 14:02:28,  0,+377.8,LLLLLLLLLL,LLLL
       370,2015/05/29 14:02:30,  0,+378.5,LLLLLLLLLL,LLLL
       371,2015/05/29 14:02:32,  0,+379.0,LLLLLLLLLL,LLLL
       372,2015/05/29 14:02:34,  0,+379.6,LLLLLLLLLL,LLLL
       373,2015/05/29 14:02:36,  0,+379.9,LLLLLLLLLL,LLLL
       374,2015/05/29 14:02:38,  0,+380.5,LLLLLLLLLL,LLLL
       375,2015/05/29 14:02:40,  0,+380.5,LLLLLLLLLL,LLLL
       376,2015/05/29 14:02:42,  0,+381.0,LLLLLLLLLL,LLLL
       377,2015/05/29 14:02:44,  0,+381.4,LLLLLLLLLL,LLLL
       378,2015/05/29 14:02:46,  0,+381.9,LLLLLLLLLL,LLLL
       379,2015/05/29 14:02:48,  0,+382.5,LLLLLLLLLL,LLLL
       380,2015/05/29 14:02:50,  0,+383.4,LLLLLLLLLL,LLLL
       381,2015/05/29 14:02:52,  0,+383.9,LLLLLLLLLL,LLLL
       382,2015/05/29 14:02:54,  0,+384.6,LLLLLLLLLL,LLLL
       383,2015/05/29 14:02:56,  0,+385.5,LLLLLLLLLL,LLLL
       384,2015/05/29 14:02:58,  0,+386.1,LLLLLLLLLL,LLLL
       385,2015/05/29 14:03:00,  0,+386.1,LLLLLLLLLL,LLLL
       386,2015/05/29 14:03:02,  0,+387.0,LLLLLLLLLL,LLLL
       387,2015/05/29 14:03:04,  0,+387.3,LLLLLLLLLL,LLLL
       388,2015/05/29 14:03:06,  0,+387.9,LLLLLLLLLL,LLLL
       389,2015/05/29 14:03:08,  0,+388.4,LLLLLLLLLL,LLLL
       390,2015/05/29 14:03:10,  0,+388.9,LLLLLLLLLL,LLLL
       391,2015/05/29 14:03:12,  0,+389.3,LLLLLLLLLL,LLLL
       392,2015/05/29 14:03:14,  0,+390.0,LLLLLLLLLL,LLLL
       393,2015/05/29 14:03:16,  0,+390.4,LLLLLLLLLL,LLLL
       394,2015/05/29 14:03:18,  0,+390.6,LLLLLLLLLL,LLLL
       395,2015/05/29 14:03:20,  0,+391.3,LLLLLLLLLL,LLLL
       396,2015/05/29 14:03:22,  0,+391.6,LLLLLLLLLL,LLLL
       397,2015/05/29 14:03:24,  0,+392.0,LLLLLLLLLL,LLLL
       398,2015/05/29 14:03:26,  0,+392.7,LLLLLLLLLL,LLLL
       399,2015/05/29 14:03:28,  0,+393.3,LLLLLLLLLL,LLLL
       400,2015/05/29 14:03:30,  0,+394.0,LLLLLLLLLL,LLLL
       401,2015/05/29 14:03:32,  0,+394.3,LLLLLLLLLL,LLLL
       402,2015/05/29 14:03:34,  0,+394.7,LLLLLLLLLL,LLLL
       403,2015/05/29 14:03:36,  0,+395.1,LLLLLLLLLL,LLLL
       404,2015/05/29 14:03:38,  0,+396.0,LLLLLLLLLL,LLLL
       405,2015/05/29 14:03:40,  0,+396.3,LLLLLLLLLL,LLLL
       406,2015/05/29 14:03:42,  0,+397.2,LLLLLLLLLL,LLLL
       407,2015/05/29 14:03:44,  0,+397.6,LLLLLLLLLL,LLLL
       408,2015/05/29 14:03:46,  0,+398.3,LLLLLLLLLL,LLLL
       409,2015/05/29 14:03:48,  0,+398.5,LLLLLLLLLL,LLLL
       410,2015/05/29 14:03:50,  0,+398.8,LLLLLLLLLL,LLLL
       411,2015/05/29 14:03:52,  0,+399.6,LLLLLLLLLL,LLLL
       412,2015/05/29 14:03:54,  0,+400.1,LLLLLLLLLL,LLLL
       413,2015/05/29 14:03:56,  0,+400.8,LLLLLLLLLL,LLLL
       414,2015/05/29 14:03:58,  0,+401.7,LLLLLLLLLL,LLLL
       415,2015/05/29 14:04:00,  0,+402.1,LLLLLLLLLL,LLLL
       416,2015/05/29 14:04:02,  0,+402.3,LLLLLLLLLL,LLLL
       417,2015/05/29 14:04:04,  0,+402.8,LLLLLLLLLL,LLLL
       418,2015/05/29 14:04:06,  0,+403.0,LLLLLLLLLL,LLLL
       419,2015/05/29 14:04:08,  0,+403.3,LLLLLLLLLL,LLLL
       420,2015/05/29 14:04:10,  0,+404.4,LLLLLLLLLL,LLLL
       421,2015/05/29 14:04:12,  0,+405.0,LLLLLLLLLL,LLLL
       422,2015/05/29 14:04:14,  0,+405.3,LLLLLLLLLL,LLLL
       423,2015/05/29 14:04:16,  0,+405.9,LLLLLLLLLL,LLLL
       424,2015/05/29 14:04:18,  0,+406.4,LLLLLLLLLL,LLLL
       425,2015/05/29 14:04:20,  0,+407.1,LLLLLLLLLL,LLLL
       426,2015/05/29 14:04:22,  0,+407.5,LLLLLLLLLL,LLLL
       427,2015/05/29 14:04:24,  0,+408.0,LLLLLLLLLL,LLLL
       428,2015/05/29 14:04:26,  0,+408.4,LLLLLLLLLL,LLLL
       429,2015/05/29 14:04:28,  0,+408.9,LLLLLLLLLL,LLLL
       430,2015/05/29 14:04:30,  0,+409.3,LLLLLLLLLL,LLLL
       431,2015/05/29 14:04:32,  0,+410.0,LLLLLLLLLL,LLLL
       432,2015/05/29 14:04:34,  0,+410.4,LLLLLLLLLL,LLLL
       433,2015/05/29 14:04:36,  0,+410.9,LLLLLLLLLL,LLLL
       434,2015/05/29 14:04:38,  0,+411.3,LLLLLLLLLL,LLLL
       435,2015/05/29 14:04:40,  0,+412.0,LLLLLLLLLL,LLLL
       436,2015/05/29 14:04:42,  0,+412.3,LLLLLLLLLL,LLLL
       437,2015/05/29 14:04:44,  0,+413.1,LLLLLLLLLL,LLLL
       438,2015/05/29 14:04:46,  0,+413.2,LLLLLLLLLL,LLLL
       439,2015/05/29 14:04:48,  0,+414.0,LLLLLLLLLL,LLLL
       440,2015/05/29 14:04:50,  0,+414.5,LLLLLLLLLL,LLLL
       441,2015/05/29 14:04:52,  0,+414.9,LLLLLLLLLL,LLLL
       442,2015/05/29 14:04:54,  0,+415.6,LLLLLLLLLL,LLLL
       443,2015/05/29 14:04:56,  0,+415.9,LLLLLLLLLL,LLLL
       444,2015/05/29 14:04:58,  0,+416.5,LLLLLLLLLL,LLLL
       445,2015/05/29 14:05:00,  0,+416.7,LLLLLLLLLL,LLLL
       446,2015/05/29 14:05:02,  0,+416.8,LLLLLLLLLL,LLLL
       447,2015/05/29 14:05:04,  0,+417.6,LLLLLLLLLL,LLLL
       448,2015/05/29 14:05:06,  0,+418.1,LLLLLLLLLL,LLLL
       449,2015/05/29 14:05:08,  0,+418.8,LLLLLLLLLL,LLLL
       450,2015/05/29 14:05:10,  0,+419.5,LLLLLLLLLL,LLLL
       451,2015/05/29 14:05:12,  0,+419.7,LLLLLLLLLL,LLLL
       452,2015/05/29 14:05:14,  0,+420.6,LLLLLLLLLL,LLLL
       453,2015/05/29 14:05:16,  0,+420.6,LLLLLLLLLL,LLLL
       454,2015/05/29 14:05:18,  0,+421.3,LLLLLLLLLL,LLLL
       455,2015/05/29 14:05:20,  0,+422.1,LLLLLLLLLL,LLLL
       456,2015/05/29 14:05:22,  0,+422.8,LLLLLLLLLL,LLLL
       457,2015/05/29 14:05:24,  0,+423.3,LLLLLLLLLL,LLLL
       458,2015/05/29 14:05:26,  0,+423.7,LLLLLLLLLL,LLLL
       459,2015/05/29 14:05:28,  0,+423.9,LLLLLLLLLL,LLLL
       460,2015/05/29 14:05:30,  0,+424.6,LLLLLLLLLL,LLLL
       461,2015/05/29 14:05:32,  0,+425.1,LLLLLLLLLL,LLLL
       462,2015/05/29 14:05:34,  0,+425.5,LLLLLLLLLL,LLLL
       463,2015/05/29 14:05:36,  0,+426.0,LLLLLLLLLL,LLLL
       464,2015/05/29 14:05:38,  0,+426.6,LLLLLLLLLL,LLLL
       465,2015/05/29 14:05:40,  0,+426.9,LLLLLLLLLL,LLLL
       466,2015/05/29 14:05:42,  0,+427.5,LLLLLLLLLL,LLLL
       467,2015/05/29 14:05:44,  0,+427.8,LLLLLLLLLL,LLLL
       468,2015/05/29 14:05:46,  0,+428.7,LLLLLLLLLL,LLLL
       469,2015/05/29 14:05:48,  0,+429.3,LLLLLLLLLL,LLLL
       470,2015/05/29 14:05:50,  0,+429.6,LLLLLLLLLL,LLLL
       471,2015/05/29 14:05:52,  0,+430.0,LLLLLLLLLL,LLLL
       472,2015/05/29 14:05:54,  0,+430.5,LLLLLLLLLL,LLLL
       473,2015/05/29 14:05:56,  0,+431.1,LLLLLLLLLL,LLLL
       474,2015/05/29 14:05:58,  0,+431.4,LLLLLLLLLL,LLLL
       475,2015/05/29 14:06:00,  0,+432.1,LLLLLLLLLL,LLLL
       476,2015/05/29 14:06:02,  0,+432.5,LLLLLLLLLL,LLLL
       477,2015/05/29 14:06:04,  0,+432.9,LLLLLLLLLL,LLLL
       478,2015/05/29 14:06:06,  0,+433.4,LLLLLLLLLL,LLLL
       479,2015/05/29 14:06:08,  0,+433.8,LLLLLLLLLL,LLLL
       480,2015/05/29 14:06:10,  0,+434.3,LLLLLLLLLL,LLLL
       481,2015/05/29 14:06:12,  0,+434.7,LLLLLLLLLL,LLLL
       482,2015/05/29 14:06:14,  0,+435.4,LLLLLLLLLL,LLLL
       483,2015/05/29 14:06:16,  0,+435.6,LLLLLLLLLL,LLLL
       484,2015/05/29 14:06:18,  0,+436.1,LLLLLLLLLL,LLLL
       485,2015/05/29 14:06:20,  0,+436.6,LLLLLLLLLL,LLLL
       486,2015/05/29 14:06:22,  0,+437.2,LLLLLLLLLL,LLLL
       487,2015/05/29 14:06:24,  0,+437.7,LLLLLLLLLL,LLLL
       488,2015/05/29 14:06:26,  0,+437.9,LLLLLLLLLL,LLLL
       489,2015/05/29 14:06:28,  0,+438.4,LLLLLLLLLL,LLLL
       490,2015/05/29 14:06:30,  0,+438.8,LLLLLLLLLL,LLLL
       491,2015/05/29 14:06:32,  0,+438.8,LLLLLLLLLL,LLLL
       492,2015/05/29 14:06:34,  0,+439.0,LLLLLLLLLL,LLLL
       493,2015/05/29 14:06:36,  0,+439.3,LLLLLLLLLL,LLLL
       494,2015/05/29 14:06:38,  0,+439.5,LLLLLLLLLL,LLLL
       495,2015/05/29 14:06:40,  0,+439.3,LLLLLLLLLL,LLLL
       496,2015/05/29 14:06:42,  0,+439.7,LLLLLLLLLL,LLLL
       497,2015/05/29 14:06:44,  0,+439.7,LLLLLLLLLL,LLLL
       498,2015/05/29 14:06:46,  0,+439.9,LLLLLLLLLL,LLLL
       499,2015/05/29 14:06:48,  0,+439.9,LLLLLLLLLL,LLLL
       500,2015/05/29 14:06:50,  0,+439.9,LLLLLLLLLL,LLLL
       501,2015/05/29 14:06:52,  0,+440.2,LLLLLLLLLL,LLLL
       502,2015/05/29 14:06:54,  0,+440.4,LLLLLLLLLL,LLLL
       503,2015/05/29 14:06:56,  0,+440.6,LLLLLLLLLL,LLLL
       504,2015/05/29 14:06:58,  0,+440.6,LLLLLLLLLL,LLLL
       505,2015/05/29 14:07:00,  0,+440.8,LLLLLLLLLL,LLLL
       506,2015/05/29 14:07:02,  0,+440.8,LLLLLLLLLL,LLLL
       507,2015/05/29 14:07:04,  0,+441.0,LLLLLLLLLL,LLLL
       508,2015/05/29 14:07:06,  0,+441.1,LLLLLLLLLL,LLLL
       509,2015/05/29 14:07:08,  0,+441.1,LLLLLLLLLL,LLLL
       510,2015/05/29 14:07:10,  0,+441.1,LLLLLLLLLL,LLLL
       511,2015/05/29 14:07:12,  0,+441.1,LLLLLLLLLL,LLLL
       512,2015/05/29 14:07:14,  0,+441.1,LLLLLLLLLL,LLLL
       513,2015/05/29 14:07:16,  0,+441.3,LLLLLLLLLL,LLLL
       514,2015/05/29 14:07:18,  0,+441.1,LLLLLLLLLL,LLLL
       515,2015/05/29 14:07:20,  0,+441.3,LLLLLLLLLL,LLLL
       516,2015/05/29 14:07:22,  0,+441.3,LLLLLLLLLL,LLLL
       517,2015/05/29 14:07:24,  0,+441.3,LLLLLLLLLL,LLLL
       518,2015/05/29 14:07:26,  0,+441.3,LLLLLLLLLL,LLLL
       519,2015/05/29 14:07:28,  0,+441.3,LLLLLLLLLL,LLLL
       520,2015/05/29 14:07:30,  0,+441.1,LLLLLLLLLL,LLLL
       521,2015/05/29 14:07:32,  0,+441.1,LLLLLLLLLL,LLLL
       522,2015/05/29 14:07:34,  0,+441.1,LLLLLLLLLL,LLLL
       523,2015/05/29 14:07:36,  0,+441.0,LLLLLLLLLL,LLLL
       524,2015/05/29 14:07:38,  0,+441.1,LLLLLLLLLL,LLLL
       525,2015/05/29 14:07:40,  0,+441.1,LLLLLLLLLL,LLLL
       526,2015/05/29 14:07:42,  0,+441.1,LLLLLLLLLL,LLLL
       527,2015/05/29 14:07:44,  0,+441.3,LLLLLLLLLL,LLLL
       528,2015/05/29 14:07:46,  0,+441.3,LLLLLLLLLL,LLLL
       529,2015/05/29 14:07:48,  0,+441.3,LLLLLLLLLL,LLLL
       530,2015/05/29 14:07:50,  0,+441.3,LLLLLLLLLL,LLLL
       531,2015/05/29 14:07:52,  0,+441.3,LLLLLLLLLL,LLLL
       532,2015/05/29 14:07:54,  0,+441.3,LLLLLLLLLL,LLLL
       533,2015/05/29 14:07:56,  0,+441.1,LLLLLLLLLL,LLLL
       534,2015/05/29 14:07:58,  0,+440.8,LLLLLLLLLL,LLLL
       535,2015/05/29 14:08:00,  0,+440.8,LLLLLLLLLL,LLLL
       536,2015/05/29 14:08:02,  0,+440.8,LLLLLLLLLL,LLLL
       537,2015/05/29 14:08:04,  0,+441.0,LLLLLLLLLL,LLLL
       538,2015/05/29 14:08:06,  0,+441.0,LLLLLLLLLL,LLLL
       539,2015/05/29 14:08:08,  0,+441.1,LLLLLLLLLL,LLLL
       540,2015/05/29 14:08:10,  0,+440.8,LLLLLLLLLL,LLLL
       541,2015/05/29 14:08:12,  0,+440.8,LLLLLLLLLL,LLLL
       542,2015/05/29 14:08:14,  0,+440.8,LLLLLLLLLL,LLLL
       543,2015/05/29 14:08:16,  0,+440.6,LLLLLLLLLL,LLLL
       544,2015/05/29 14:08:18,  0,+440.8,LLLLLLLLLL,LLLL
       545,2015/05/29 14:08:20,  0,+440.6,LLLLLLLLLL,LLLL
       546,2015/05/29 14:08:22,  0,+440.6,LLLLLLLLLL,LLLL
       547,2015/05/29 14:08:24,  0,+440.4,LLLLLLLLLL,LLLL
       548,2015/05/29 14:08:26,  0,+440.2,LLLLLLLLLL,LLLL
       549,2015/05/29 14:08:28,  0,+440.2,LLLLLLLLLL,LLLL
       550,2015/05/29 14:08:30,  0,+440.2,LLLLLLLLLL,LLLL
       551,2015/05/29 14:08:32,  0,+440.2,LLLLLLLLLL,LLLL
       552,2015/05/29 14:08:34,  0,+440.1,LLLLLLLLLL,LLLL
       553,2015/05/29 14:08:36,  0,+439.9,LLLLLLLLLL,LLLL
       554,2015/05/29 14:08:38,  0,+439.7,LLLLLLLLLL,LLLL
       555,2015/05/29 14:08:40,  0,+439.5,LLLLLLLLLL,LLLL
       556,2015/05/29 14:08:42,  0,+439.7,LLLLLLLLLL,LLLL
       557,2015/05/29 14:08:44,  0,+439.5,LLLLLLLLLL,LLLL
       558,2015/05/29 14:08:46,  0,+439.5,LLLLLLLLLL,LLLL
       559,2015/05/29 14:08:48,  0,+439.5,LLLLLLLLLL,LLLL
       560,2015/05/29 14:08:50,  0,+439.5,LLLLLLLLLL,LLLL
       561,2015/05/29 14:08:52,  0,+439.3,LLLLLLLLLL,LLLL
       562,2015/05/29 14:08:54,  0,+439.3,LLLLLLLLLL,LLLL
       563,2015/05/29 14:08:56,  0,+439.3,LLLLLLLLLL,LLLL
       564,2015/05/29 14:08:58,  0,+439.5,LLLLLLLLLL,LLLL
       565,2015/05/29 14:09:00,  0,+439.3,LLLLLLLLLL,LLLL
       566,2015/05/29 14:09:02,  0,+439.3,LLLLLLLLLL,LLLL
       567,2015/05/29 14:09:04,  0,+439.2,LLLLLLLLLL,LLLL
       568,2015/05/29 14:09:06,  0,+439.0,LLLLLLLLLL,LLLL
       569,2015/05/29 14:09:08,  0,+439.0,LLLLLLLLLL,LLLL
       570,2015/05/29 14:09:10,  0,+438.8,LLLLLLLLLL,LLLL
       571,2015/05/29 14:09:12,  0,+438.8,LLLLLLLLLL,LLLL
       572,2015/05/29 14:09:14,  0,+438.8,LLLLLLLLLL,LLLL
       573,2015/05/29 14:09:16,  0,+438.6,LLLLLLLLLL,LLLL
       574,2015/05/29 14:09:18,  0,+438.1,LLLLLLLLLL,LLLL
       575,2015/05/29 14:09:20,  0,+438.1,LLLLLLLLLL,LLLL
       576,2015/05/29 14:09:22,  0,+438.1,LLLLLLLLLL,LLLL
       577,2015/05/29 14:09:24,  0,+437.9,LLLLLLLLLL,LLLL
       578,2015/05/29 14:09:26,  0,+437.9,LLLLLLLLLL,LLLL
       579,2015/05/29 14:09:28,  0,+437.7,LLLLLLLLLL,LLLL
       580,2015/05/29 14:09:30,  0,+437.5,LLLLLLLLLL,LLLL
       581,2015/05/29 14:09:32,  0,+437.5,LLLLLLLLLL,LLLL
       582,2015/05/29 14:09:34,  0,+437.5,LLLLLLLLLL,LLLL
       583,2015/05/29 14:09:36,  0,+437.2,LLLLLLLLLL,LLLL
       584,2015/05/29 14:09:38,  0,+437.4,LLLLLLLLLL,LLLL
       585,2015/05/29 14:09:40,  0,+437.2,LLLLLLLLLL,LLLL
       586,2015/05/29 14:09:42,  0,+437.0,LLLLLLLLLL,LLLL
       587,2015/05/29 14:09:44,  0,+436.6,LLLLLLLLLL,LLLL
       588,2015/05/29 14:09:46,  0,+436.6,LLLLLLLLLL,LLLL
       589,2015/05/29 14:09:48,  0,+436.3,LLLLLLLLLL,LLLL
       590,2015/05/29 14:09:50,  0,+436.5,LLLLLLLLLL,LLLL
       591,2015/05/29 14:09:52,  0,+436.3,LLLLLLLLLL,LLLL
       592,2015/05/29 14:09:54,  0,+436.1,LLLLLLLLLL,LLLL
       593,2015/05/29 14:09:56,  0,+436.1,LLLLLLLLLL,LLLL
       594,2015/05/29 14:09:58,  0,+435.7,LLLLLLLLLL,LLLL
       595,2015/05/29 14:10:00,  0,+436.1,LLLLLLLLLL,LLLL
       596,2015/05/29 14:10:02,  0,+435.7,LLLLLLLLLL,LLLL
       597,2015/05/29 14:10:04,  0,+435.4,LLLLLLLLLL,LLLL
       598,2015/05/29 14:10:06,  0,+435.2,LLLLLLLLLL,LLLL
       599,2015/05/29 14:10:08,  0,+435.2,LLLLLLLLLL,LLLL
       600,2015/05/29 14:10:10,  0,+435.2,LLLLLLLLLL,LLLL
       601,2015/05/29 14:10:12,  0,+435.2,LLLLLLLLLL,LLLL
       602,2015/05/29 14:10:14,  0,+435.0,LLLLLLLLLL,LLLL
       603,2015/05/29 14:10:16,  0,+434.8,LLLLLLLLLL,LLLL
       604,2015/05/29 14:10:18,  0,+434.7,LLLLLLLLLL,LLLL
       605,2015/05/29 14:10:20,  0,+434.3,LLLLLLLLLL,LLLL
       606,2015/05/29 14:10:22,  0,+434.3,LLLLLLLLLL,LLLL
       607,2015/05/29 14:10:24,  0,+434.5,LLLLLLLLLL,LLLL
       608,2015/05/29 14:10:26,  0,+434.3,LLLLLLLLLL,LLLL
       609,2015/05/29 14:10:28,  0,+434.3,LLLLLLLLLL,LLLL
       610,2015/05/29 14:10:30,  0,+433.9,LLLLLLLLLL,LLLL
       611,2015/05/29 14:10:32,  0,+433.9,LLLLLLLLLL,LLLL
       612,2015/05/29 14:10:34,  0,+433.8,LLLLLLLLLL,LLLL
       613,2015/05/29 14:10:36,  0,+433.6,LLLLLLLLLL,LLLL
       614,2015/05/29 14:10:38,  0,+433.6,LLLLLLLLLL,LLLL
       615,2015/05/29 14:10:40,  0,+433.4,LLLLLLLLLL,LLLL
       616,2015/05/29 14:10:42,  0,+433.4,LLLLLLLLLL,LLLL
       617,2015/05/29 14:10:44,  0,+433.0,LLLLLLLLLL,LLLL
       618,2015/05/29 14:10:46,  0,+433.0,LLLLLLLLLL,LLLL
       619,2015/05/29 14:10:48,  0,+432.9,LLLLLLLLLL,LLLL
       620,2015/05/29 14:10:50,  0,+432.9,LLLLLLLLLL,LLLL
       621,2015/05/29 14:10:52,  0,+432.7,LLLLLLLLLL,LLLL
       622,2015/05/29 14:10:54,  0,+432.5,LLLLLLLLLL,LLLL
       623,2015/05/29 14:10:56,  0,+432.3,LLLLLLLLLL,LLLL
       624,2015/05/29 14:10:58,  0,+432.1,LLLLLLLLLL,LLLL
       625,2015/05/29 14:11:00,  0,+432.3,LLLLLLLLLL,LLLL
       626,2015/05/29 14:11:02,  0,+432.1,LLLLLLLLLL,LLLL
       627,2015/05/29 14:11:04,  0,+432.1,LLLLLLLLLL,LLLL
       628,2015/05/29 14:11:06,  0,+432.1,LLLLLLLLLL,LLLL
       629,2015/05/29 14:11:08,  0,+431.6,LLLLLLLLLL,LLLL
       630,2015/05/29 14:11:10,  0,+431.2,LLLLLLLLLL,LLLL
       631,2015/05/29 14:11:12,  0,+431.4,LLLLLLLLLL,LLLL
       632,2015/05/29 14:11:14,  0,+431.6,LLLLLLLLLL,LLLL
       633,2015/05/29 14:11:16,  0,+431.6,LLLLLLLLLL,LLLL
       634,2015/05/29 14:11:18,  0,+431.8,LLLLLLLLLL,LLLL
       635,2015/05/29 14:11:20,  0,+432.0,LLLLLLLLLL,LLLL
       636,2015/05/29 14:11:22,  0,+432.0,LLLLLLLLLL,LLLL
       637,2015/05/29 14:11:24,  0,+432.1,LLLLLLLLLL,LLLL
       638,2015/05/29 14:11:26,  0,+432.1,LLLLLLLLLL,LLLL
       639,2015/05/29 14:11:28,  0,+432.1,LLLLLLLLLL,LLLL
